"Equipment_Type","Gear_Name","Troop_Type","Set","Level","Gold_Cost","Archer_Attack","Archer_Defense","Archer_Health","Cavalry_Attack","Cavalry_Defense","Cavalry_Health","Commander_EXP_Gain","Damage_to_Barbarians","Gathering_Speed","Infantry_Attack","Infantry_Defense","Infantry_Health","March_Speed","Siege_Attack","Siege_Defense","Siege_Health","March_Speed__Siege_","March_Speed__Infantry_","March_Speed__Cavalry_","March_Speed__Archer_","Troop_Health","Troop_Defense","Troop_Attack","Leather","Iron_Ore","Ebony","Animal_Bone","Images","Iconic_1","Iconic_2","Iconic_3","Iconic_4","Iconic_5","Refined_Archer_Attack","Refined_Archer_Defense","Refined_Archer_Health","Refined_Cavalry_Attack","Refined_Cavalry_Defense","Refined_Cavalry_Health","Refined_Commander_EXP_Gain","Refined_Damage_to_Barbarians","Refined_Gathering_Speed","Refined_Infantry_Attack","Refined_Infantry_Defense","Refined_Infantry_Health","Refined_March_Speed","Refined_Siege_Attack","Refined_Siege_Defense","Refined_Siege_Health","Refined_March_Speed__Siege_","Refined_March_Speed__Infantry_","Refined_March_Speed__Cavalry_","Refined_March_Speed__Archer_","Refined_Troop_Health","Refined_Troop_Defense","Refined_Troop_Attack","Refined_Iconic_1","Refined_Iconic_2","Refined_Iconic_3","Refined_Iconic_4","Refined_Iconic_5","Accessory_Effect","Refined_Accessory_Effect"
"Weapon","Lance of the Hellish Wasteland","Cavalry","Cavalry","Legendary","20,000,000","5","","","20","","","","","","","","5","","","","","","","","","","","","60","15","15","","https://i.postimg.cc/pTShKQXy/weapon_cav_set.png","Cavalry Base Attack +3","Enemy Def Ignored +2%","Unit Cap +800","Damage to Field Troops +2%","Furious Strike
Whenever the wielder's troop launches a basic attack, it has a 10% chance to gain a 5% damage boost for 2 seconds. Cooldown: 5 seconds.","6.5","","","26","","","","","","","","6.5","","","","","","","","","","","","Cavalry Base Attack 4","Enemy Def Ignored 2.5%","Unit Cap 1040","Damage to Field Troops 2.5%","Furious Strike
Whenever the wielder's troop launches a basic attack, it has a 10% chance to gain a 6.5% damage boost for 2 seconds. Cooldown: 5 seconds.","",""
"Weapon","Shield of the Eternal Empire","Infantry","Infantry","Legendary","20,000,000","5","","","5","","","","","","20","","","","","","","","","","","","","","15","60","15","","https://i.postimg.cc/wTL2TM0D/weapon_inf_set.png","Infantry Base Attack +3","Enemy HP Ignored +2%","Unit Cap +800","Damage to Field Troops +2%","Furious Strike
Whenever the wielder's troop launches a basic attack, it has a 10% chance to gain a 5% damage boost for 2 seconds. Cooldown: 5 seconds.","6.5","","","6.5","","","","","","26","","","","","","","","","","","","","","Infantry Base Attack 4","Enemy HP Ignored 2.5%","Unit Cap 1040","Damage to Field Troops 2.5%","Furious Strike
Whenever the wielder's troop launches a basic attack, it has a 10% chance to gain a 6.5% damage boost for 2 seconds. Cooldown: 5 seconds.","",""
"Weapon","Dragon's Breath Bow","Archer","Archer","Legendary","20,000,000","","20","","","","5","","","","","","5","","","","","","","","","","","","15","15","60","","https://i.postimg.cc/5yFHgH6g/weapon_archer_set.png","Archer Base Attack +3","Enemy Def Ignored +2%","Unit Cap +800","Damage to Field Troops +2%","Furious Strike
Whenever the wielder's troop launches a basic attack, it has a 10% chance to gain a 5% damage boost for 2 seconds. Cooldown: 5 seconds.","","26","","","","6.5","","","","","","6.5","","","","","","","","","","","","Archer Base Attack 4","Enemy Def Ignored 2.5%","Unit Cap 1040","Damage to Field Troops 2.5%","Furious Strike
Whenever the wielder's troop launches a basic attack, it has a 10% chance to gain a 6.5% damage boost for 2 seconds. Cooldown: 5 seconds.","",""
"Weapon","Scepter of The Glorious Goddess","Leadership","Leadership","Legendary","20,000,000","","","","","","","","","","","","","","","","","","3","","","","","15","30","30","30","","https://i.postimg.cc/xjWg2My0/weapon_leadership_set.png","","","","","","","","","","","","","","","","","","","","","","","4","","","","","19.5","","","","","","",""
"Weapon","Twilight Epiphany","Siege","","Legendary","30,000,000","","","","","","","","","","","","","","25","","","6","","","","","","","30","30","30","","https://i.postimg.cc/K8bNKbHw/weapon_siege_set.png","Troop Base Attack +3","Enemy Def Ignored +2%","Unit Cap +800","Damage to Field Troops +2%","Furious Strike
Whenever the wielder's troop launches a basic attack, it has a 10% chance to gain a 5% damage boost for 2 seconds. Cooldown: 5 seconds.","","","","","","","","","","","","","","32.5","","","8","","","","","","","Troop Base Attack 4","Enemy Def Ignored 2.5%","Unit Cap 1040","Damage to Field Troops 2.5%","Furious Strike
Whenever the wielder's troop launches a basic attack, it has a 10% chance to gain a 6.5% damage boost for 2 seconds. Cooldown: 5 seconds.","",""
"Weapon","Witch's Feathered Staff","Gathering","Witch's Wardrobe","Legendary","20,000,000","","","","","","","","","15","","","","","","6","","3","","","","","","","","","","35","https://i.postimg.cc/K8bNKbHw/weapon_siege_set.png","","","","","","","","","","","","","","19.5","","","","","","8","","4","","","","","","","","","","","","",""
"Weapon","Sacred Dominion","Cavalry","","Legendary","30,000,000","","5","","25","","","","","","","","","","","","","","","","","","","","110","20","20","","https://i.postimg.cc/GpqsmwWF/weapon_cav_kvk.png","Cavalry Base Attack +3","Enemy Def Ignored +2.5%","Unit Cap +1,000","Damage to Field Troops +3%","Furious Strike
Whenever the wielder's troop launches a basic attack, it has a 10% chance to gain a 6.5% damage boost for 2 seconds. Cooldown: 5 seconds.","","6.5","","32.5","","","","","","","","","","","","","","","","","","","","Cavalry Base Attack 4","Enemy Def Ignored 3%","Unit Cap 1,0","Damage to Field Troops 4%","Furious Strike
Whenever the wielder's troop launches a basic attack, it has a 10% chance to gain a 8.5% damage boost for 2 seconds. Cooldown: 5 seconds.","",""
"Weapon","Hammer of the Sun and Moon","Infantry","","Legendary","30,000,000","","","5","","","","","","","25","","","","","","","","","","","","","","20","110","20","","https://i.postimg.cc/PfLK92D3/weapon_inf_kvk.png","Infantry Base Attack +3","Enemy HP Ignored +2.5%","Unit Cap +1,000","Damage to Field Troops +3%","Furious Strike
Whenever the wielder's troop launches a basic attack, it has a 10% chance to gain a 6.5% damage boost for 2 seconds. Cooldown: 5 seconds.","","","6.5","","","","","","","32.5","","","","","","","","","","","","","","Infantry Base Attack 4","Enemy HP Ignored 3%","Unit Cap 1,0","Damage to Field Troops 4%","Furious Strike
Whenever the wielder's troop launches a basic attack, it has a 10% chance to gain a 8.5% damage boost for 2 seconds. Cooldown: 5 seconds.","",""
"Weapon","The Hydra's Blast","Archer","","Legendary","30,000,000","","25","","","5","","","","","","","","","","","","","","","","","","","20","20","110","","https://i.postimg.cc/Y90L4D7J/weapon_archer_kvk.png","Archer Base Attack +3","Enemy Def Ignored +3%","Unit Cap +1,000","Damage to Field Troops +2.5%","Furious Strike
Whenever the wielder's troop launches a basic attack, it has a 10% chance to gain a 6.5% damage boost for 2 seconds. Cooldown: 5 seconds.","","32.5","","","6.5","","","","","","","","","","","","","","","","","","","Archer Base Attack 4","Enemy Def Ignored 4%","Unit Cap 1,0","Damage to Field Troops 3%","Furious Strike
Whenever the wielder's troop launches a basic attack, it has a 10% chance to gain a 8.5% damage boost for 2 seconds. Cooldown: 5 seconds.","",""
"Weapon","Trial of the Lost Kingdom","Cavalry","","Legendary","10,000,000","5","","","","15","","","","","","","5","","","","","","","","","","","","30","15","","","https://i.postimg.cc/NFgs95RL/Screenshot_20250417-082539_Rise_of_Kingdoms-removebg-preview.webp","","","","","","6.5","","","","19.5","","","","","","","6.5","","","","","","","","","","","","","","","","","",""
"Weapon","Knight's Oathsworn Bow","Siege","","Epic","5,000,000","","","","","","","","","","","","","","13","","","2","","","","","","","30","30","30","","https://i.postimg.cc/8cVD8sZt/IMG-7370-removebg-preview.png","","","","","","","","","","","","","","","","","","","17","","","2.5","","","","","","","","","","","","",""
"Weapon","Sakura Fubuki","Infantry","","Epic","5,000,000","4","","","","","6","","","","13","","","","","","","","","","","","","","15","70","15","","https://i.postimg.cc/c1Q0RMJj/IMG-7368-removebg-preview.png","","","","","","5","","","","","8","","","","17","","","","","","","","","","","","","","","","","","","",""
"Weapon","Scepter of the Foresst Guardian","Gathering","","Epic","6,000,000","","","","6","","","","","10","","","","","","6","","","","","","","","","","","","35","https://i.postimg.cc/gksp5z8H/IMG-7371-removebg-preview.png","","","","","","","","","8","","","","","13","","","","","","8","","","","","","","","","","","","","","",""
"Weapon","Golden Age","Archer","","Epic","5,000,000","","13","","4","","","","","","","6","","","","","","","","","","","","","15","15","70","","https://i.postimg.cc/bNp83DDv/IMG-7369-removebg-preview.png","","","","","","","17","","5","","","","","","","8","","","","","","","","","","","","","","","","","","",""
"Weapon","Heart of the Saint","Cavalry","","Epic","5,000,000","","","6","","13","","","","","","","4","","","","","","","","","","","","70","15","15","","https://i.postimg.cc/NF7tQYVY/IMG-7367-removebg-preview.png","","","","","","","","8","","17","","","","","","","5","","","","","","","","","","","","","","","","","",""
"Weapon","Blazing Axe","Cavalry","","Elite","2,000,000","5","","","8","","","","","","3","","","","","","","","","","","","","","50","20","20","","https://i.postimg.cc/Cx6ghcvZ/IMG-7374-removebg-preview.png","","","","","","6.5","","","10.5","","","","","","4","","","","","","","","","","","","","","","","","","","",""
"Weapon","Staff of the Lost","Archer","","Elite","2,000,000","","8","","","3","","","","","","5","","","","","","","","","","","","","20","20","50","","https://i.postimg.cc/Bnv3frC9/IMG-7372-removebg-preview.png","","","","","","","10.5","","","4","","","","","","6.5","","","","","","","","","","","","","","","","","","",""
"Weapon","Gatekeeper's Shield","Infantry","","Elite","2,000,000","","","","","","5","3","","","","","8","","","","","","","","","","","","20","50","20","","https://i.postimg.cc/rp0LK5bf/IMG-7373-removebg-preview.png","","","","","","","","","","","6.5","4","","","","","10.5","","","","","","","","","","","","","","","","","",""
"Weapon","Blessed Blade","Infantry","","Advanced","500,000","4","","","","","","","3","","","","6","","","","","","","","","","","","","60","20","","https://i.postimg.cc/C1bT4SwD/IMG-7376-removebg-preview.png","","","","","","5","","","","","","","4","","","","8","","","","","","","","","","","","","","","","","",""
"Weapon","Vanguard Halberd","Cavalry","","Advanced","750,000","","","","","5","4","","","","","","","","","","","","","","","","","","110","","","","https://i.postimg.cc/1zk16f1s/IMG-7375-removebg-preview.png","","","","","","","","","","6.5","5","","","","","","","","","","","","","","","","","","","","","","","",""
"Weapon","Sharp Longsword","Cavalry","","Normal","100,000","","","","","5","","","","2","","","","","","","","","","","","","","","100","","","","https://i.postimg.cc/Rh9rsy0Y/IMG-7377-removebg-preview.png","","","","","","","","","","6.5","","","","2.5","","","","","","","","","","","","","","","","","","","","",""
"Helmet","Gold Helm of the Eternal Empire","Infantry","Infantry","Legendary","20,000,000","","","4","","","3","","","","","11","","","","","","","","","","","","","10","40","10","","https://i.postimg.cc/KvS7VFxj/helmet_inf_set.png","Infantry Base Def +3","Infantry HP +1%","Unit Cap +500","Damage to Field Troops +1%","Shattering Strike
Whenever the wielder's troop launches a basic attack, it has a 10% chance to increase the next skill damage it deals by 5%. Cooldown: 5 seconds.","","","5","","","4","","","","","14.5","","","","","","","","","","","","","Infantry Base Def 4","Infantry HP 1.5%","Unit Cap 650","Damage to Field Troops 1.5%","Shattering Strike
Whenever the wielder's troop launches a basic attack, it has a 10% chance to increase the next skill damage it deals by 6.5%. Cooldown: 5 seconds.","",""
"Helmet","Dragon's Breath Helm","Archer","Archer","Legendary","20,000,000","11","","","3","","","","","","","4","","","","","","","","","","","","","10","10","40","","https://i.postimg.cc/N0fk44Yx/helmet_archer_set.png","Archer Base Def +3","Archer HP +1%","Unit Cap +500","Damage to Field Troops +1%","Shattering Strike
Whenever the wielder's troop launches a basic attack, it has a 10% chance to increase the next skill damage it deals by 5%. Cooldown: 5 seconds.","14.5","","","4","","","","","","","5","","","","","","","","","","","","","Archer Base Def 4","Archer HP 1.5%","Unit Cap 650","Damage to Field Troops 1.5%","Shattering Strike
Whenever the wielder's troop launches a basic attack, it has a 10% chance to increase the next skill damage it deals by 6.5%. Cooldown: 5 seconds.","",""
"Helmet","War Helm of the Hellish Wasteland","Cavalry","Cavalry","Legendary","20,000,000","","3","","","11","","","","","4","","","","","","","","","","","","","","40","10","10","","https://i.postimg.cc/RFWQrZW6/helmet_cav_set.png","Cavalry Base Def +3","Cavalry Attack +1%","Unit Cap +500","Damage to Field Troops +1%","Shattering Strike
Whenever the wielder's troop launches a basic attack, it has a 10% chance to increase the next skill damage it deals by 5%. Cooldown: 5 seconds.","","4","","","14.5","","","","","5","","","","","","","","","","","","","","Cavalry Base Def 4","Cavalry Attack 1.5%","Unit Cap 650","Damage to Field Troops 1.5%","Shattering Strike
Whenever the wielder's troop launches a basic attack, it has a 10% chance to increase the next skill damage it deals by 6.5%. Cooldown: 5 seconds.","",""
"Helmet","Diadem of the Glorious Goddess","Leadership","Leadership","Legendary","20,000,000","","","","","","","","","","","","","","","","","","","2","","","","8","20","20","20","","https://i.postimg.cc/J4N3Cgzq/helmet_leadership_set.png","Troop Base Attack +3","Troop HP +1%","Unit Cap +500","Damage to Field Troops +1%","Shattering Strike
Whenever the wielder's troop launches a basic attack, it has a 10% chance to increase the next skill damage it deals by 5%. Cooldown: 5 seconds.","","","","","","","","","","","","","","","","","","","2.5","","","","10.5","","","","","","",""
"Helmet","Fierce Wolf's Helmet","Siege","Siege","Legendary","30,000,000","","","","","","","","","","","","","","14.5","","","4","","","","","","","20","20","20","","https://i.postimg.cc/XYnfj8Z0/helmet_siege_set.png","Siege Unit Base Attack +3","Siege Unit HP +1%","Unit Cap +500","Damage to Field Troops +1%","Shattering Strike
Whenever the wielder's troop launches a basic attack, it has a 10% chance to increase the next ranged skill damage it deals by 5%. Cooldown: 5 seconds.","","","","","","","","","","","","","","19","","","5","","","","","","","Siege Unit Base Attack 4","Siege Unit HP 1.5%","Unit Cap 650","Damage to Field Troops 1.5%","Shattering Strike
Whenever the wielder's troop launches a basic attack, it has a 10% chance to increase the next ranged skill damage it deals by 6.5%. Cooldown: 5 seconds.","",""
"Helmet","Witch's Deadwood Crown","Gathering","Witch's Wardrobe","Legendary","20,000,000","","","","","","","","","12","","","","","4","","","2","","","","","","","","","","25","https://i.postimg.cc/XqFfJ1cn/helmet-gathering.png","","","","","","","","","","","","","","15.5","","","","","5","","","2.5","","","","","","","","","","","","",""
"Helmet","Pride of the Khan","Cavalry","","Legendary","30,000,000","","","8","","15","","","","","","","","","","","","","","","","","","","70","","20","","https://i.postimg.cc/LsCB018F/helmet_cav_kvk.png","Cavalry Base Def +3","Cavalry Attack +1.5%","Unit Cap +650","Damage to Field Troops +1.5%","Shattering Strike
Whenever the wielder's troop launches a basic attack, it has a 10% chance to increase the next skill damage it deals by 6.5%. Cooldown: 5 seconds.","","","10.5","","19.5","","","","","","","","","","","","","","","","","","","Cavalry Base Def 4","Cavalry Attack 2%","Unit Cap 845","Damage to Field Troops 2%","Shattering Strike
Whenever the wielder's troop launches a basic attack, it has a 10% chance to increase the next skill damage it deals by 8.5%. Cooldown: 5 seconds.","",""
"Helmet","Helm of the Conqueror","Infantry","","Legendary","30,000,000","","","","","","8","","","","","15","","","","","","","","","","","","","20","70","","","https://i.postimg.cc/xjbytqrB/helmet_inf_kvk.png","","","","","","","","","","","10.5","","","","","19.5","","","","","","","","","","","","","","","","","","",""
"Helmet","Ancestral Mask of Night","Archer","","Legendary","30,000,000","15","","","","","","","","","8","","","","","","","","","","","","","","","20","70","","https://i.postimg.cc/Z5LLpgkR/helmet_archer_kvk.png","Archer Base Def +3","Archer HP +1.5%","Unit Cap +650","Damage to Field Troops +1.5%","Shattering Strike
Whenever the wielder's troop launches a basic attack, it has a 10% chance to increase the next skill damage it deals by 6.5%. Cooldown: 5 seconds.","19.5","","","","","","","","","10.5","","","","","","","","","","","","","","Archer Base Def 4","Archer HP 2%","Unit Cap 845","Damage to Field Troops 2%","Shattering Strike
Whenever the wielder's troop launches a basic attack, it has a 10% chance to increase the next skill damage it deals by 8.5%. Cooldown: 5 seconds.","",""
"Helmet","Knight's Steel Diadem","Siege","","Epic","5,000,000","","","","","","","","","","","","","","","","8","2","","","","","","","20","20","20","","https://i.postimg.cc/B6pN3Vgk/IMG_7382-removebg-preview.png","","","","","","","","","","","","","","","","","","","","","10.5","2.5","","","","","","","","","","","","",""
"Helmet","Revival Helm","Archer","Revival","Epic","6,000,000","","7.5","","","","","","","","","5","","","","","","","","","","","","","","10","30","","https://i.postimg.cc/bwnTrJgQ/IMG_7380-removebg-preview.png","","","","","","","10","","","","","","","","","6.5","","","","","","","","","","","","","","","","","","",""
"Helmet","Witch's Lineage","Infantry","","Epic","5,000,000","","3","","3","","","","","","8","","","","","","","","","","","","","","10","30","10","","https://i.postimg.cc/TYF0TmVd/IMG_7379-removebg-preview.png","","","","","","","4","","4","","","","","","10.5","","","","","","","","","","","","","","","","","","","",""
"Helmet","Abyssal Visage","Cavalry","","Epic","5,000,000","3","","","8","","","","","","3","","","","","","","","","","","","","","30","10","10","","https://i.postimg.cc/5N6pcpFK/IMG_7378-removebg-preview.png","","","","","","4","","","10.5","","","","","","4","","","","","","","","","","","","","","","","","","","",""
"Helmet","Mask of the Forest Guardian","Gathering","","Epic","6,000,000","","","","","","","","","8","4","","","","4","","","","","","","","","","","","","25","https://i.postimg.cc/TP8tJm17/IMG_7381-removebg-preview.png","","","","","","","","","","","","","","10.5","5","","","","5","","","","","","","","","","","","","","","",""
"Helmet","Harvester's Headscarf","Gathering","","Elite","3,000,000","","","","","","","","","5","","","","","3","3","","","","","","","","","","","","30","https://i.postimg.cc/W4P7kvYx/IMG_7385-removebg-preview.png","","","","","","","","","","","","","","6.5","","","","","4","4","","","","","","","","","","","","","","",""
"Helmet","Expedition War Helm","Cavalry","","Elite","2,000,000","","","","","6","","3","","","","2","","","","","","","","","","","","","40","20","","","https://i.postimg.cc/zB8p9rnT/IMG_7383-removebg-preview.png","","","","","","","","","","8","","4","","","","2.5","","","","","","","","","","","","","","","","","","",""
"Helmet","Windswept War Helm","Infantry","","Elite","3,000,000","","","","4.5","","","","","","4.5","","","3","","","","","","","","","","","30","30","","","https://i.postimg.cc/k5xf14tn/IMG_7384-removebg-preview.png","","","","","","","","","6","","","","","","6","","","4","","","","","","","","","","","","","","","","",""
"Helmet","Helm of Fear","Cavalry","","Advanced","500,000","","","","4","","","","3","","","2","","","","","","","","","","","","","40","10","","","https://i.postimg.cc/Vs74H25b/IMG_7387-removebg-preview.png","","","","","","","","","5","","","","4","","","2.5","","","","","","","","","","","","","","","","","","",""
"Helmet","Helm of the Phoenix","Archer","","Advanced","500,000","","4","","","","","","3","","","","2","","","","","","","","","","","","","10","40","","https://i.postimg.cc/3Nw1xFfR/IMG_7386-removebg-preview.png","","","","","","","5","","","","","","4","","","","2.5","","","","","","","","","","","","","","","","","",""
"Helmet","Iron Helm","Infantry","","Normal","100,000","","","","","","","","","","3","","","","","","","","","","","","","","","80","","","https://i.postimg.cc/6q1024Fh/IMG_7388-removebg-preview.png","","","","","","","","","","","","","","","4","","","","","","","","","","","","","","","","","","","",""
"Chest","Shadow Legion's Retribution","Cavalry","","Legendary","15,000,000","5","","","12","","","","","","5","","","","","","","","","","","","","","40","10","10","","https://i.postimg.cc/J7bHsXC7/chest_cav_nonset.png","Cavalry Base Def +3","Enemy HP Ignored +1%","Unit Cap +500","Damage to Field Troops +1%","Shattering Strike
Whenever the wielder's troop is hit with a basic attack, it has a 10% chance to gain a 5% counterattack damage boost for 2 seconds. Cooldown: 5 seconds.","6.5","","","15.5","","","","","","6.5","","","","","","","","","","","","","","Cavalry Base Def 4","Enemy HP Ignored 1.5%","Unit Cap 650","Damage to Field Troops 1.5%","Shattering Strike
Whenever the wielder's troop is hit with a basic attack, it has a 10% chance to gain a 6.5% counterattack damage boost for 2 seconds. Cooldown: 5 seconds.","",""
"Chest","Plate of the Glorious Goddess","Leadership","Leadership","Legendary","20,000,000","","","","","","","","","","","","","","","","","","2","","","","8","","20","20","20","","https://i.postimg.cc/fbtJDtvN/chest_leadership_set.png","Troop Base Def +3","Enemy Def Ignored +1%","Unit Cap +500","Damage to Rallied Armies/Garrisons +1%","Shattering Strike
Whenever the wielder's troop is hit with a basic attack, it has a 10% chance to gain a 5% counterattack damage boost for 2 seconds. Cooldown: 5 seconds.","","","","","","","","","","","","","","","","","","2.5","","","","10.5","","Troop Base Def 4","Enemy Def Ignored 1.5%","Unit Cap 650","Damage to Rallied Armies/Garrisons 1.5%","Shattering Strike
Whenever the wielder's troop is hit with a basic attack, it has a 10% chance to gain a 6.5% counterattack damage boost for 2 seconds. Cooldown: 5 seconds.","",""
"Chest","Vigilant Wolf's Leather Armor","Siege","Siege","Legendary","30,000,000","","","","","","","","","","","","","","14.5","","","4","","","","","","","20","20","20","","https://i.postimg.cc/jjpC5x8J/chest_siege_set.png","Siege Unit Base Attack +3","Enemy Def Ignored +1%","Unit Cap +500","Damage to Rallied Armies/Garrisons +1%","Shattering Strike
Whenever the wielder's troop is hit with a basic attack, it has a 10% chance to gain a 5% counterattack damage boost for 2 seconds. Cooldown: 5 seconds.","","","","","","","","","","","","","","19","","","5","","","","","","","Siege Unit Base Attack 4","Enemy Def Ignored 1.5%","Unit Cap 650","Damage to Rallied Armies/Garrisons 1.5%","Shattering Strike
Whenever the wielder's troop is hit with a basic attack, it has a 10% chance to gain a 6.5% counterattack damage boost for 2 seconds. Cooldown: 5 seconds.","",""
"Chest","Witch's Hexed Cloak","Gathering","Witch's Wardrobe","Legendary","20,000,000","","","","","","","","","12","","","","","","4","","4","","","","","","","","","","25","https://i.postimg.cc/zX7Lj1f9/chest_gathering.png","","","","","","","","","","","","","","15.5","","","","","","5","","5","","","","","","","","","","","","",""
"Chest","The Milky Way","Archer","","Legendary","15,000,000","","","12","","","6","5","","","","","","","","","","","","","","","","","10","10","40","","https://i.postimg.cc/nrtsdFBt/chest_archer_nonset.png","Archer Base Def +3","Enemy Def Ignored +1%","Unit Cap +500","Damage to Rallied Armies/Garrisons +1%","Shattering Strike
Whenever the wielder's troop is hit with a basic attack, it has a 10% chance to gain a 5% counterattack damage boost for 2 seconds. Cooldown: 5 seconds.","","","15.5","","","8","6.5","","","","","","","","","","","","","","","","","Archer Base Def 4","Enemy Def Ignored 1.5%","Unit Cap 650","Damage to Rallied Armies/Garrisons 1.5%","Shattering Strike
Whenever the wielder's troop is hit with a basic attack, it has a 10% chance to gain a 6.5% counterattack damage boost for 2 seconds. Cooldown: 5 seconds.","",""
"Chest","Plate of the Eternal Empire","Infantry","Infantry","Legendary","20,000,000","","5","","","","","","","","11","","","","","","","","","","","","","","10","40","10","","https://i.postimg.cc/pL1pwYzC/chest_inf_set.png","Infantry Base Def +3","Enemy Attack Ignored +1%","Unit Cap +500","Damage to Rallied Armies/Garrisons +1%","Shattering Strike
Whenever the wielder's troop is hit with a basic attack, it has a 10% chance to gain a 5% counterattack damage boost for 2 seconds. Cooldown: 5 seconds.","","6.5","","","","","","","","14.5","","","","","","","","","","","","","","Infantry Base Def 4","Enemy Attack Ignored 1.5%","Unit Cap 650","Damage to Rallied Armies/Garrisons 1.5%","Shattering Strike
Whenever the wielder's troop is hit with a basic attack, it has a 10% chance to gain a 6.5% counterattack damage boost for 2 seconds. Cooldown: 5 seconds.","",""
"Chest","Hope Cloak","Infantry","","Legendary","15,000,000","","5","","","5","","","","","","12","","","","","","","","","","","","","10","40","10","","https://i.postimg.cc/dV0hNSkD/chest_inf_nonset.png","Infantry Base Def +3","Enemy Attack Ignored +1%","Unit Cap +500","Damage to Rallied Armies/Garrisons +1%","Shattering Strike
Whenever the wielder's troop is hit with a basic attack, it has a 10% chance to gain a 5% counterattack damage boost for 2 seconds. Cooldown: 5 seconds.","","6.5","","","6.5","","","","","","15.5","","","","","","","","","","","","","Infantry Base Def 4","Enemy Attack Ignored 1.5%","Unit Cap 650","Damage to Rallied Armies/Garrisons 1.5%","Shattering Strike
Whenever the wielder's troop is hit with a basic attack, it has a 10% chance to gain a 6.5% counterattack damage boost for 2 seconds. Cooldown: 5 seconds.","",""
"Chest","Heavy Armor of the Hellish Wasteland","Cavalry","Cavalry","Legendary","20,000,000","","","","","","11","","","","5","","","","","","","","","","","","","","40","10","10","","https://i.postimg.cc/6qL8gkf4/chest_cav_set.png","Cavalry Base Def +3","Enemy HP Ignored +1%","Unit Cap +500","Damage to Field Troops +1%","Shattering Strike
Whenever the wielder's troop is hit with a basic attack, it has a 10% chance to gain a 5% counterattack damage boost for 2 seconds. Cooldown: 5 seconds.","","","","","","14.5","","","","6.5","","","","","","","","","","","","","","Cavalry Base Def 4","Enemy HP Ignored 1.5%","Unit Cap 650","Damage to Field Troops 1.5%","Shattering Strike
Whenever the wielder's troop is hit with a basic attack, it has a 10% chance to gain a 6.5% counterattack damage boost for 2 seconds. Cooldown: 5 seconds.","",""
"Chest","Dragon's Breath Plate","Archer","Archer","Legendary","20,000,000","","","11","","5","","","","","","","","","","","","","","","","","","","10","10","40","","https://i.postimg.cc/vHbgfmGr/chest_archer_set.png","Archer Base Def +3","Enemy Def Ignored +1%","Unit Cap +500","Damage to Rallied Armies/Garrisons +1%","Shattering Strike
Whenever the wielder's troop is hit with a basic attack, it has a 10% chance to gain a 5% counterattack damage boost for 2 seconds. Cooldown: 5 seconds.","","","14.5","","6.5","","","","","","","","","","","","","","","","","","","Archer Base Def 4","Enemy Def Ignored 1.5%","Unit Cap 650","Damage to Rallied Armies/Garrisons 1.5%","Shattering Strike
Whenever the wielder's troop is hit with a basic attack, it has a 10% chance to gain a 6.5% counterattack damage boost for 2 seconds. Cooldown: 5 seconds.","",""
"Chest","Knight's Valorous Cloak","Siege","","Epic","5,000,000","","","","","","","","","","","","","","8","","","2","","","","","","","20","20","20","","https://i.postimg.cc/4xyDSzJX/IMG-7392-removebg-preview.png","","","","","","","","","","","","","","","","","","","10.5","","","2.5","","","","","","","","","","","","",""
"Chest","Robe of the Forest Guardian","Gathering","","Epic","6,000,000","4","","","","","","","","8","","","","","4","","","","","","","","","","","","","25","https://i.postimg.cc/YCP5Kh9Y/IMG-7393-removebg-preview.png","","","","","","5","","","","","","","","10.5","","","","","5","","","","","","","","","","","","","","","",""
"Chest","Quinn's Soul","Infantry","","Epic","5,000,000","","","4","","","","","5","","8","","","","","","","","","","","","","","","40","20","","https://i.postimg.cc/gkg9sMbM/IMG-7391-removebg-preview.png","","","","","","","","5","","","","","6.5","","10.5","","","","","","","","","","","","","","","","","","","",""
"Chest","Dark Lord's Blessing","Cavalry","","Epic","5,000,000","5","","","","8","","","","","","","","","","","","","","","","","","","40","","20","","https://i.postimg.cc/9XtHRm8H/IMG-7389-removebg-preview.png","","","","","","6.5","","","","10.5","","","","","","","","","","","","","","","","","","","","","","","","",""
"Chest","Revival Plate","Archer","","Epic","6,000,000","7.5","","","","5","","","","","","","","","","","","","","","","","","","20","","40","","https://i.postimg.cc/X7jS9RmG/IMG-7390-removebg-preview.png","","","","","","10","","","","6.5","","","","","","","","","","","","","","","","","","","","","","","","",""
"Chest","Commander's Heavy Armor","Archer","","Elite","2,000,000","","","6","","","","3","","","3","","","","","","","","","","","","","","","20","40","","https://i.postimg.cc/26RgyMn5/IMG-7395-removebg-preview.png","","","","","","","","8","","","","4","","","4","","","","","","","","","","","","","","","","","","","",""
"Chest","Windswept Breastplate","Infantry","","Elite","3,000,000","","","","","4.5","","","","","","4.5","","3","","","","","","","","","","","30","30","","","https://i.postimg.cc/zfR9J8bM/IMG-7394-removebg-preview.png","","","","","","","","","","6","","","","","","6","","4","","","","","","","","","","","","","","","","",""
"Chest","Harvester Robes","Gathering","","Elite","3,000,000","","","","","","","","","5","","","","","","3","3","","","","","","","","","","","30","https://i.postimg.cc/hjL6ds01/IMG_7396-removebg-preview.png","","","","","","","","","","","","","","6.5","","","","","","4","4","","","","","","","","","","","","","",""
"Chest","Infantry Breastplate","Infantry","","Advanced","500,000","","","","","","2","","3","","","4","","","","","","","","","","","","","10","40","","","https://i.postimg.cc/L5vWyswq/IMG_7398-removebg-preview.png","","","","","","","","","","","2.5","","4","","","5","","","","","","","","","","","","","","","","","","",""
"Chest","Milanese Plate","Cavalry","","Advanced","500,000","2","","","","4","","","","","","","","","","","","","","","","","","","40","","10","","https://i.postimg.cc/5yfGqz7d/IMG_7397-removebg-preview.png","","","","","","2.5","","","","5","","","","","","","","","","","","","","","","","","","","","","","","",""
"Chest","Chain Mail","Archer","","Normal","100,000","3","","","","","","","","","","","","","","","","","","","","","","","","","80","","https://i.postimg.cc/bYR4Y6rz/IMG_7399-removebg-preview.png","","","","","","4","","","","","","","","","","","","","","","","","","","","","","","","","","","","",""
"Gloves","Vambraces of the Eternal Empire","Infantry","Infantry","Legendary","20,000,000","","","","3","","","","","","","7.5","","","","","","","","","","","","","10","30","","","https://i.postimg.cc/m2y95Hmp/gloves_inf_set.png","Infantry Base Attack +3","Infantry Attack +1%","Unit Cap +300","Unit Cap +0.5%","Seeing Red
Whenever the wielder's troop takes damage, it has a 10% chance to gain 3% March Speed for 3 seconds. Can stack up to 3 times.","","","","4","","","","","","","10","","","","","","","","","","","","","Infantry Base Attack 4","Infantry Attack 1.5%","Unit Cap 390","Unit Cap 0.5%","Seeing Red
Whenever the wielder's troop takes damage, it has a 10% chance to gain 4% March Speed for 3 seconds. Can stack up to 3 times.","",""
"Gloves","Sacred Grips","Infantry","","Legendary","15,000,000","5","","","","","","","","","","8","","","","","","","","","","","","","10","","","","https://i.postimg.cc/DyTs6gPb/gloves_inf_nonset.png","Infantry Base Attack +3","Infantry Attack +1%","Unit Cap +300","Unit Cap +0.5%","Seeing Red
Whenever the wielder's troop takes damage, it has a 10% chance to gain 3% March Speed for 3 seconds. Can stack up to 3 times.","6.5","","","","","","","","","","10.5","","","","","","","","","","","","","Infantry Base Attack 4","Infantry Attack 1.5%","Unit Cap 390","Unit Cap 0.5%","Seeing Red
Whenever the wielder's troop takes damage, it has a 10% chance to gain 4% March Speed for 3 seconds. Can stack up to 3 times.","",""
"Gloves","Ian's Choice","Archer","","Legendary","15,000,000","8","","","","","","5","","","","","","","","","","","","","","","","","10","","30","","https://i.postimg.cc/y8nFkZ93/gloves_archer_nonset.png","Archer Base Attack +3","Enemy Attack Ignored +1%","Unit Cap +300","Unit Cap +0.5%","Seeing Red
Whenever the wielder's troop launches a basic attack, it has a 10% chance to reduce the target's March Speed by 3% for 3 seconds. Can stack up to 3 times.","10.5","","","","","","6.5","","","","","","","","","","","","","","","","","Archer Base Attack 4","Enemy Attack Ignored 1.5%","Unit Cap 390","Unit Cap 0.5%","Seeing Red
Whenever the wielder's troop launches a basic attack, it has a 10% chance to reduce the target's March Speed by 4% for 3 seconds. Can stack up to 3 times.","",""
"Gloves","Navar's Control","Cavalry","","Legendary","15,000,000","","","","","","8","","","","","5","","","","","","","","","","","","","30","10","","","https://i.postimg.cc/bJSbCV51/gloves_cav_nonset.png","Cavalry Base Attack +3","Cavalry Def +1%","Unit Cap +300","Unit Cap +0.5%","Perplexing Ploy
Whenever the wielder's troop deals skill damage or smite damage, it has a 10% chance to reduce the target's March Speed by 3% for 3 seconds. Can stack up to 3 times.","","","","","","10.5","","","","","6.5","","","","","","","","","","","","","Cavalry Base Attack 4","Cavalry Def 1.5%","Unit Cap 390","Unit Cap 0.5%","Perplexing Ploy
Whenever the wielder's troop deals skill damage or smite damage, it has a 10% chance to reduce the target's March Speed by 4% for 3 seconds. Can stack up to 3 times.","",""
"Gloves","Gauntlets of the Glorious Goddess","Leadership","Leadership","Legendary","20,000,000","","","","","","","","","","","","","","","","","2","","","","","6","","15","15","10","","https://i.postimg.cc/wMhNHygv/gloves_leadership_set.png","Troop Base Def +3","Enemy Attack Ignored +1%","Unit Cap +300","Unit Cap +0.5%","Unflinching
Whenever the wielder's troop takes damage, it has a 10% chance to reduce the attacker's Attack by 2% for 3 seconds. Can stack up to 3 times.","","","","","","","","","","","","","","","","","2.5","","","","","8","","Troop Base Def 4","Enemy Attack Ignored 1.5%","Unit Cap 390","Unit Cap 0.5%","Unflinching
Whenever the wielder's troop takes damage, it has a 10% chance to reduce the attacker's Attack by 2.5% for 3 seconds. Can stack up to 3 times.","",""
"Gloves","Wailing Wolf's Gauntlets","Siege","Siege","Legendary","30,000,000","","","","","","","","","","","","","","","10","","3","","","","","","","10","15","15","","https://i.postimg.cc/NGTmRVmc/gloves_siege_set.png","Siege Unit Base Def +3","Enemy Attack Ignored +1%","Unit Cap +300","Unit Cap +0.5%","Bewildering Barrage
Whenever the wielder's troop deals ranged damage, it has a 10% chance to reduce the target's March Speed by 3% for 3 seconds. Can stack up to 3 times.","","","","","","","","","","","","","","","13","","4","","","","","","","","","","","","",""
"Gloves","Witch's Crimson Bracers ","Gathering","Witch's Wardrobe","Legendary","20,000,000","","","","","","","","","8","","","","","","","3","2","","","","","","","","","15","","https://i.postimg.cc/FztS2gt8/gloves_gathering.png","","","","","","","","","","","","","","10.5","","","","","","","4","2.5","","","","","","","","","","","","",""
"Gloves","Dragon's Breath Vambraces","Archer","Archer","Legendary","20,000,000","7.5","","","","","","","","","3","","","","","","","","","","","","","","","10","30","","https://i.postimg.cc/W4Hg7c52/gloves_archer_set.png","Archer Base Attack +3","Enemy Attack Ignored +1%","Unit Cap +300","Unit Cap +0.5%","Befuddling Blow
Whenever the wielder's troop launches a basic attack, it has a 10% chance to reduce the target's March Speed by 3% for 3 seconds. Can stack up to 3 times.","10","","","","","","","","","4","","","","","","","","","","","","","","Archer Base Attack 4","Enemy Attack Ignored 1.5%","Unit Cap 390","Unit Cap 0.5%","Befuddling Blow
Whenever the wielder's troop launches a basic attack, it has a 10% chance to reduce the target's March Speed by 4% for 3 seconds. Can stack up to 3 times.","",""
"Gloves","Armband of the Hellish Wasteland","Cavalry","Cavalry","Legendary","20,000,000","","","3","","7.5","","","","","","","","","","","","","","","","","","","30","","10","","https://i.postimg.cc/zfBTWGSt/gloves_cav_set.png","Cavalry Base Attack +3","Cavalry Def +1%","Unit Cap +300","Unit Cap +0.5%","Perplexing Ploy
Whenever the wielder's troop deals skill damage or smite damage, it has a 10% chance to reduce the target's March Speed by 3% for 3 seconds. Can stack up to 3 times.","","","4","","10","","","","","","","","","","","","","","","","","","","Cavalry Base Attack 4","Cavalry Def 1.5%","Unit Cap 390","Unit Cap 0.5%","Perplexing Ploy
Whenever the wielder's troop deals skill damage or smite damage, it has a 10% chance to reduce the target's March Speed by 4% for 3 seconds. Can stack up to 3 times.","",""
"Gloves","Knight's Battleworn Gauntlets","Siege","","Epic","5,000,000","","","","","","","","","","","","","","","5.5","","2","","","","","","","10","15","15","","https://i.postimg.cc/q7nZPwWH/IMG_7404-removebg-preview.png","","","","","","","","","","","","","","","","","","","","7","","2.5","","","","","","","","","","","","",""
"Gloves","Iset's Sufferance","Cavalry","","Epic","5,000,000","","","","3","","3","","","","","","","","","","","","","","","","","","40","","","","https://i.postimg.cc/jddmDzny/IMG_7400-removebg-preview.png","","","","","","","","","4","","4","","","","","","","","","","","","","","","","","","","","","","","",""
"Gloves","Claws of the Forest Guardian","Gathering","","Epic","6,000,000","","","","","","","","","6","","","","","2","2","","","","","","","","","","","","15","https://i.postimg.cc/JzS2Yv6Q/IMG_7403-removebg-preview.png","","","","","","","","","","","","","","8","","","","","2.5","2.5","","","","","","","","","","","","","","",""
"Gloves","Seth's Brutality","Infantry","","Epic","5,000,000","","2","","","","","","5","","","5.5","","","","","","","","","","","","","","30","10","","https://i.postimg.cc/138dHsHt/IMG_7401-removebg-preview.png","","","","","","","2.5","","","","","","6.5","","","7","","","","","","","","","","","","","","","","","","",""
"Gloves","Revival Gauntlets","Archer","","Epic","6,000,000","4.5","","","3","","","","","","3","","","","","","","","","","","","","","","10","30","","https://i.postimg.cc/m2XqCt7J/IMG_7402-removebg-preview.png","","","","","","6","","","4","","","","","","4","","","","","","","","","","","","","","","","","","","",""
"Gloves","Saint's Song","Archer","","Elite","2,000,000","4","","","2","","","3","","","","","","","","","","","","","","","","","10","","30","","https://i.postimg.cc/90X8qh0c/IMG_7407-removebg-preview.png","","","","","","5","","","2.5","","","4","","","","","","","","","","","","","","","","","","","","","","",""
"Gloves","Windswept Braces","Cavalry","","Elite","3,000,000","","","","","","2.5","","","","","","2.5","3","","","","","","","","","","","20","20","","","https://i.postimg.cc/sX4HXXVn/IMG_7406-removebg-preview.png","","","","","","","","","","","3","","","","","","3","4","","","","","","","","","","","","","","","","",""
"Gloves","Calvin's Hand","Infantry","","Elite","2,000,000","1","","","","","","","","","4","","1","","","","","","","","","","","","5","30","5","","https://i.postimg.cc/Qt3nh5r9/IMG-7405-removebg-preview.png","","","","","","1.5","","","","","","","","","5","","1.5","","","","","","","","","","","","","","","","","",""
"Gloves","Leather Gloves","Archer","","Advanced","500,000","","","2.5","","","","","","","","1","","","","","","","","","","","","","","15","20","","https://i.postimg.cc/6qHHrm4n/IMG_7409-removebg-preview.png","","","","","","","","3","","","","","","","","1.5","","","","","","","","","","","","","","","","","","",""
"Gloves","Bronze Bracers","Cavalry","","Advanced","500,000","","","","","2.5","","","3","","","","1","","","","","","","","","","","","20","15","","","https://i.postimg.cc/05ZH1bXj/IMG_7408-removebg-preview.png","","","","","","","","","","3","","","4","","","","1.5","","","","","","","","","","","","","","","","","",""
"Gloves","Cloth Gloves","Infantry","","Normal","100,000","","","","","","","","","","","2","","","","","","","","","","","","","","60","","","https://i.postimg.cc/PrxVXT04/IMG_7410-removebg-preview.png","","","","","","","","","","","","","","","","2.5","","","","","","","","","","","","","","","","","","",""
"Pants","Ash of the Dawn","Cavalry","","Legendary","15,000,000","","","","","","12","5","","","","","5","","","","","","","","","","","","40","10","10","","https://i.postimg.cc/4dxV6N62/pants_cav_nonset.png","Cavalry Base HP +3","Cavalry HP +2%","Unit Cap +500","Damage to Field Troops +1%","Willy
Whenever the wielder's troop launches a basic attack, it has a 10% chance to reduce the next skill damage it takes by 5%. Cooldown: 5 seconds.","","","","","","15.5","6.5","","","","","6.5","","","","","","","","","","","","Cavalry Base HP 4","Cavalry HP 2.5%","Unit Cap 650","Damage to Field Troops 1.5%","Willy
Whenever the wielder's troop launches a basic attack, it has a 10% chance to reduce the next skill damage it takes by 6.5%. Cooldown: 5 seconds.","",""
"Pants","Greaves of the Eternal Empire","Infantry","Infantry","Legendary","20,000,000","","5","","","","","","","","11","","","","","","","","","","","","","","10","40","10","","https://i.postimg.cc/9QH9xBP7/pants_inf_set.png","Infantry Base HP +3","Enemy HP Ignored +1%","Unit Cap +500","Damage to Field Troops +1%","Willy
Whenever the wielder's troop launches a basic attack, it has a 10% chance to reduce the next skill damage it takes by 5%. Cooldown: 5 seconds.","","6.5","","","","","","","","14.5","","","","","","","","","","","","","","Infantry Base HP 4","Enemy HP Ignored 1.5%","Unit Cap 650","Damage to Field Troops 1.5%","Willy
Whenever the wielder's troop launches a basic attack, it has a 10% chance to reduce the next skill damage it takes by 6.5%. Cooldown: 5 seconds.","",""
"Pants","Tassets of the War God","Archer","","Legendary","15,000,000","12","","","5","","","","","","5","","","","","","","","","","","","","","10","10","40","","https://i.postimg.cc/rmZWQXgV/pants_archer_nonset.png","Archer Base HP +3","Enemy HP Ignored +1%","Unit Cap +500","Damage to Field Troops +1%","Willy
Whenever the wielder's troop launches a basic attack, it has a 10% chance to reduce the next skill damage it takes by 5%. Cooldown: 5 seconds.","15.5","","","6.5","","","","","","6.5","","","","","","","","","","","","","","","","","","","",""
"Pants","Eternal Night","Infantry","","Legendary","15,000,000","","5","","","5","","","","","","12","","","","","","","","","","","","","10","40","10","","https://i.postimg.cc/XNhd5Wpx/pants_inf_nonset.png","Infantry Base HP +3","Enemy HP Ignored +1%","Unit Cap +500","Damage to Field Troops +1%","Willy
Whenever the wielder's troop launches a basic attack, it has a 10% chance to reduce the next skill damage it takes by 5%. Cooldown: 5 seconds.","","6.5","","","6.5","","","","","","15.5","","","","","","","","","","","","","Infantry Base HP 4","Enemy HP Ignored 1.5%","Unit Cap 650","Damage to Field Troops 1.5%","Willy
Whenever the wielder's troop launches a basic attack, it has a 10% chance to reduce the next skill damage it takes by 6.5%. Cooldown: 5 seconds.","",""
"Pants","Dragon's Breath Tassets","Archer","Archer","Legendary","20,000,000","11","","","5","","","","","","","","","","","","","","","","","","","","10","10","40","","https://i.postimg.cc/2yqWtcX4/pants_archer_set.png","Archer Base HP +3","Enemy HP Ignored +1%","Unit Cap +500","Damage to Field Troops +1%","Willy
Whenever the wielder's troop launches a basic attack, it has a 10% chance to reduce the next skill damage it takes by 5%. Cooldown: 5 seconds.","14.5","","","6.5","","","","","","","","","","","","","","","","","","","","Archer Base HP 4","Enemy HP Ignored 1.5%","Unit Cap 650","Damage to Field Troops 1.5%","Willy
Whenever the wielder's troop launches a basic attack, it has a 10% chance to reduce the next skill damage it takes by 6.5%. Cooldown: 5 seconds.","",""
"Pants","Chausses of the Glorious Goddess","Leadership","Leadership","Legendary","20,000,000","","","","","","","","","","","","","","","","","","","","2","8","","","20","20","20","","https://i.postimg.cc/bw0t42LF/pants_leadership_set.png","Troop Base HP +3","Enemy HP Ignored +1%","Unit Cap +500","Damage to Field Troops +1%","Willy
Whenever the wielder's troop launches a basic attack, it has a 10% chance to reduce the next skill damage it takes by 5%. Cooldown: 5 seconds.","","","","","","","","","","","","","","","","","","","","2.5","10.5","","","Troop Base HP 4","Enemy HP Ignored 1.5%","Unit Cap 650","Damage to Field Troops 1.5%","Willy
Whenever the wielder's troop launches a basic attack, it has a 10% chance to reduce the next skill damage it takes by 6.5%. Cooldown: 5 seconds.","",""
"Pants","Lone Wolf's Leather Tassets","Siege","Siege","Legendary","30,000,000","","","","","","","","","","","","","","","","14.5","4","","","","","","","20","20","20","","https://i.postimg.cc/d0qyFtxQ/pants_siege_set.png","","","","","","","","","","","","","","","","","","","","","19","5","","","","","","","","","","","","",""
"Pants","Witch's Ornamented Pants","Gathering","Witch's Wardrobe","Legendary","20,000,000","","","","","","","","","12","","","","","","","4","2","","","","","","","","","","25","https://i.postimg.cc/wTmJcrNz/pants_gathering.png","","","","","","","","","","","","","","15.5","","","","","","","5","2.5","","","","","","","","","","","","",""
"Pants","Tassets of the Hellish Wasteland","Cavalry","Cavalry","Legendary","20,000,000","","","","11","","","","","","","5","","","","","","","","","","","","","40","10","10","","https://i.postimg.cc/brKnfxK4/pants_cav_set.png","Cavalry Base HP +3","Cavalry HP +2%","Unit Cap +500","Damage to Field Troops +1%","Willy
Whenever the wielder's troop launches a basic attack, it has a 10% chance to reduce the next skill damage it takes by 5%. Cooldown: 5 seconds.","","","","14.5","","","","","","","6.5","","","","","","","","","","","","","Cavalry Base HP 4","Cavalry HP 2.5%","Unit Cap 650","Damage to Field Troops 1.5%","Willy
Whenever the wielder's troop launches a basic attack, it has a 10% chance to reduce the next skill damage it takes by 6.5%. Cooldown: 5 seconds.","",""
"Pants","Knight's Triumphant Tassets","Siege","","Epic","5,000,000","","","","","","","","5","","","","","","","8","","","","","","","","","20","20","20","","https://i.postimg.cc/7h767pWQ/IMG-7415-removebg-preview.png","","","","","","","","","","","","","6.5","","","","","","","10.5","","","","","","","","","","","","","","",""
"Pants","Fanatic's Tassets","Archer","","Epic","5,000,000","","8","","","5","","","","","","","","","","","","","","","","","","","20","","40","","https://i.postimg.cc/QMtdSBz7/IMG-7413-removebg-preview.png","","","","","","","10.5","","","6.5","","","","","","","","","","","","","","","","","","","","","","","","",""
"Pants","Gladiator","Cavalry","","Epic","5,000,000","","4","","","","8","","5","","","","","","","","","","","","","","","","40","","20","","https://i.postimg.cc/ncbMZhs8/IMG-7414-removebg-preview.png","","","","","","","5","","","","10.5","","6.5","","","","","","","","","","","","","","","","","","","","","",""
"Pants","Karuak's Humility","Infantry","","Epic","5,000,000","","","","5","","","","","","","","8","","","","","","","","","","","","20","40","","","https://i.postimg.cc/L4Zhr18B/IMG-7411-removebg-preview.png","","","","","","","","","6.5","","","","","","","","10.5","","","","","","","","","","","","","","","","","",""
"Pants","Revival Greaves","Archer","","Epic","6,000,000","","7.5","","5","","","","","","","","","","","","","","","","","","","","20","","40","","https://i.postimg.cc/Njb018dY/IMG-7412-removebg-preview.png","","","","","","","10","","6.5","","","","","","","","","","","","","","","","","","","","","","","","","",""
"Pants","Harvester Breeches","Gathering","","Elite","3,000,000","","","","","","","","","5","","","","","3","3","","","","","","","","","","","","30","https://i.postimg.cc/KYHvWGXH/IMG-7418-removebg-preview.png","","","","","","","","","","","","","","6.5","","","","","4","4","","","","","","","","","","","","","","",""
"Pants","Greaves of the Exile","Archer","","Elite","2,000,000","","6","","","","","3","","","","3","","","","","","","","","","","","","","20","40","","https://i.postimg.cc/gkVj0bRx/IMG-7416-removebg-preview.png","","","","","","","8","","","","","4","","","","4","","","","","","","","","","","","","","","","","","",""
"Pants","Sentry Breeches","Infantry","","Elite","2,000,000","3","","","","1","","","","","6","","","","","","","","","","","","","","10","40","10","","https://i.postimg.cc/52f0YKqn/IMG-7417-removebg-preview.png","","","","","","4","","","","1.5","","","","","8","","","","","","","","","","","","","","","","","","","",""
"Pants","Vanguard Greaves","Cavalry","","Advanced","750,000","","","","4","","1","","","","","","","","","","","","","","","","","","70","","","","https://i.postimg.cc/rmRFXBMF/IMG-7420-removebg-preview.png","","","","","","","","","5","","1.5","","","","","","","","","","","","","","","","","","","","","","","",""
"Pants","Ranger Trousers","Infantry","","Advanced","500,000","","2","","","","","","3","","4","","","","","","","","","","","","","","","40","10","","https://i.postimg.cc/C195RFmq/IMG-7419-removebg-preview.png","","","","","","","2.5","","","","","","4","","5","","","","","","","","","","","","","","","","","","","",""
"Pants","Coarse Breeches","Cavalry","","Normal","100,000","","","","3","","","","","1","","","","","","","","","","","","","","","60","","","","https://i.postimg.cc/SR0QygxL/IMG-7421-removebg-preview.png","","","","","","","","","4","","","","","1.5","","","","","","","","","","","","","","","","","","","","",""
"Boots","Shio's Return","Infantry","","Legendary","15,000,000","","","5","","","","","","","","8","","","","","","","","","","","","","","30","10","","https://i.postimg.cc/R0HVjrMC/boots_inf_nonset.png","Infantry Base HP +3","Infantry Def +1%","Unit Cap +300","March Speed +5%","Fleetfooted Footmen
The wielder's infantry units gain 5% March Speed and 1% Defense while outside of alliance territory.","","","6.5","","","","","","","","10.5","","","","","","","","","","","","","Infantry Base HP 4","Infantry Def 1.5%","Unit Cap 390","March Speed 6.5%","Fleetfooted Footmen
The wielder's infantry units gain 6.5% March Speed and 1.5% Defense while outside of alliance territory.","",""
"Boots","Commander's Boots","Archer","","Legendary","15,000,000","8","","","","","","5","","","","","","","","","","","","","","","","","10","","30","","https://i.postimg.cc/ZYF0bh6C/boots_archers_nonset.png","Archer Base HP +3","Archer Attack +1%","Unit Cap +300","March Speed +5%","Alacritous Archers
The wielder's archer units gain 5% March Speed and 1% Defense while outside of alliance territory.","10.5","","","","","","6.5","","","","","","","","","","","","","","","","","Archer Base HP 4","Archer Attack 1.5%","Unit Cap 390","March Speed 6.5%","Alacritous Archers
The wielder's archer units gain 6.5% March Speed and 1.5% Defense while outside of alliance territory.","",""
"Boots","Greaves of the Glorious Goddess","Leadership","Leadership","Legendary","20,000,000","","","","","","","","","","","","","","","","","2","","","","6","","","10","15","15","","https://i.postimg.cc/DwDwjf3Y/boots_leadership_set.png","Troop Base HP +3","Troop Attack +1%","Unit Cap +300","March Speed +5%","Holistic Haste
The wielder's troop gains 5% March Speed and 1% Attack while outside of alliance territory.","","","","","","","","","","","","","","","","","2.5","","","","8","","","Troop Base HP 4","Troop Attack 1.5%","Unit Cap 390","March Speed 6.5%","Holistic Haste
The wielder's troop gains 6.5% March Speed and 1.5% Attack while outside of alliance territory.","",""
"Boots","Roaring Wolf's Claws","Siege","Siege","Legendary","30,000,000","","","","","","","","","","","","","","","10","","3","","","","","","","15","10","15","","https://i.postimg.cc/Yqr0jyx8/boots_siege_set.png","Siege Unit Base Def +3","Siege Unit Attack +1%","Unit Cap +300","March Speed +5%","Breakneck Besiegers
The wielder's siege units gain 5% March Speed and 1% Defense while outside of alliance territory.","","","","","","","","","","","","","","","13","","4","","","","","","","Siege Unit Base Def 4","Siege Unit Attack 1.5%","Unit Cap 390","March Speed 6.5%","Breakneck Besiegers
The wielder's siege units gain 6.5% March Speed and 1.5% Defense while outside of alliance territory.","",""
"Boots","Witch's Mire-Waders","Gathering","Witch's Wardrobe","Legendary","20,000,000","","","","","","","","","8","","","","","3","","","2","","","","","","","","","","15","https://i.postimg.cc/bwdv9DWt/boots_gathering.png","","","","","","","","","","","","","","10.5","","","","","4","","","2.5","","","","","","","","","","","","",""
"Boots","Sturdy Boots of the Eternal Empire","Infantry","Infantry","Legendary","20,000,000","","","","","3","","","","","","7.5","","","","","","","","","","","","","10","30","","","https://i.postimg.cc/65M3ZLjK/boots_inf_set.png","Infantry Base HP +3","Infantry Def +1%","Unit Cap +300","March Speed +5%","Fleetfooted Footmen
The wielder's infantry units gain 5% March Speed and 1% Defense while outside of alliance territory.","","","","","4","","","","","","10","","","","","","","","","","","","","Infantry Base HP 4","Infantry Def 1.5%","Unit Cap 390","March Speed 6.5%","Fleetfooted Footmen
The wielder's infantry units gain 6.5% March Speed and 1.5% Defense while outside of alliance territory.","",""
"Boots","Mountain Crushers","Cavalry","","Legendary","15,000,000","5","","","8","","","","","","","","","","","","","","","","","","","","30","","10","","https://i.postimg.cc/Rh9F7PxS/boots_cav_nonset.png","Cavalry Base HP +3","Cavalry Attack +1%","Unit Cap +300","March Speed +5%","Hurried Horsemen
The wielder's cavalry units gain 5% March Speed and 1% Defense while outside of alliance territory.","6.5","","","10.5","","","","","","","","","","","","","","","","","","","","Cavalry Base HP 4","Cavalry Attack 1.5%","Unit Cap 390","March Speed 6.5%","Hurried Horsemen
The wielder's cavalry units gain 6.5% March Speed and 1.5% Defense while outside of alliance territory.","",""
"Boots","Boots of the Hellish Wasteland","Cavalry","Cavalry","Legendary","20,000,000","3","","","","","7.5","","","","","","","","","","","","","","","","","","30","","10","","https://i.postimg.cc/8cHCthTh/boots_cav_set.png","Cavalry Base HP +3","Cavalry Attack +1%","Unit Cap +300","March Speed +5%","Hurried Horsemen
The wielder's cavalry units gain 5% March Speed and 1% Defense while outside of alliance territory.","4","","","","","10","","","","","","","","","","","","","","","","","","","","","","","",""
"Boots","Dragon's Breath Boots","Archer","Archer","Legendary","20,000,000","","7.5","","","","","","","","","3","","","","","","","","","","","","","","10","30","","https://i.postimg.cc/C1b5n3tr/boots_archer_set.png","Archer Base HP +3","Archer Attack +1%","Unit Cap +300","March Speed +5%","Alacritous Archers
The wielder's archer units gain 5% March Speed and 1% Defense while outside of alliance territory.","","10","","","","","","","","","4","","","","","","","","","","","","","Archer Base HP 4","Archer Attack 1.5%","Unit Cap 390","March Speed 6.5%","Alacritous Archers
The wielder's archer units gain 6.5% March Speed and 1.5% Defense while outside of alliance territory.","",""
"Boots","Knight's Winter Sabatons","Siege","","Epic","5,000,000","","","","","","","","5","","","","","","","","5.5","","","","","","","","15","10","15","","https://i.postimg.cc/hPB46Zwc/IMG-7424-removebg-preview.png","","","","","","","","","","","","","6.5","","","","","","","","7","","","","","","","","","","","","","",""
"Boots","Cloud Racers","Cavalry","","Epic","5,000,000","","","2","5.5","","","","","6","","","","","","","","","","","","","","","30","","10","","https://i.postimg.cc/KjnG4t16/IMG-7422-removebg-preview.png","","","","","","","","2.5","7","","","","","8","","","","","","","","","","","","","","","","","","","","",""
"Boots","Flame Treads","Archer","","Epic","5,000,000","","","5.5","3","","","","","","","","","","","","","","","","","","","","10","","30","","https://i.postimg.cc/d34q8w96/IMG_7915-removebg-preview.png","","","","","","","","7","4","","","","","","","","","","","","","","","","","","","","","","","","","",""
"Boots","Frost Treads","Infantry","","Epic","5,000,000","","","","","","","","5","","","5.5","","","","","","","","","","","","","10","30","","","https://i.postimg.cc/bYbN6fmm/IMG-7423-removebg-preview.png","","","","","","","","","","","","","6.5","","","7","","","","","","","","","","","","","","","","","","",""
"Boots","The Scarlet Hounds","Infantry","","Elite","2,000,000","","","","","","","3","","","","","4","","","","","","","","","","","","","40","","","https://i.postimg.cc/X7kNbcSF/IMG-7425-removebg-preview.png","","","","","","","","","","","","4","","","","","5","","","","","","","","","","","","","","","","","",""
"Boots","Windswept Boots","Cavalry","","Elite","3,000,000","","","","","","2.5","","","","","2.5","","3","","","","","","","","","","","20","20","","","https://i.postimg.cc/xdc9Mwky/IMG-7427-removebg-preview.png","","","","","","","","","","","3","","","","","3","","4","","","","","","","","","","","","","","","","",""
"Boots","Harvester Boots","Gathering","","Elite","3,000,000","","","","","","","","","5","","","","","","2","2","","","","","","","","","","","20","https://i.postimg.cc/DwfvyJnN/IMG-7426-removebg-preview.png","","","","","","","","","","","","","","6.5","","","","","","2.5","2.5","","","","","","","","","","","","","",""
"Boots","Edged Boots","Archer","","Advanced","500,000","2.5","","","1","","","","3","","","","","","","","","","","","","","","","15","","20","","https://i.postimg.cc/QMwhbf1L/IMG-7428-removebg-preview.png","","","","","","3","","","1.5","","","","4","","","","","","","","","","","","","","","","","","","","","",""
"Boots","Boots of Reverence","Infantry","","Advanced","500,000","","1","","","","","","","","2.5","","","","","","","","","","","","","","","20","15","","https://i.postimg.cc/3xLKy8wx/IMG-7429-removebg-preview.png","","","","","","","1.5","","","","","","","","3","","","","","","","","","","","","","","","","","","","",""
"Boots","Sturdy Boots","Archer","","Normal","100,000","","2","","","","","","","1","","","","","","","","","","","","","","","","","60","","https://i.postimg.cc/JnXmdj5s/IMG-7430-removebg-preview.png","","","","","","","2.5","","","","","","","1.5","","","","","","","","","","","","","","","","","","","","",""
"Accessory","Savage Totem","All / Accessory","","Elite","4,000,000","","","","","","","","","","","","","","","","","","","","","","","","","","","70","https://i.postimg.cc/44rHd1SS/IMG-7435-removebg-preview.png","","","","","","","","","","","","","","","","","","","","","","","","","","","","","","","","","","Damage to Barbarians +10%","Damage to Barbarians +13%"
"Accessory","Call of the Loyal","All / Accessory","","Elite","4,000,000","","","","","","","","","","","","","","","","","","","","","","","","","35","35","","https://i.postimg.cc/9FZRq73F/IMG-7436-removebg-preview.png","","","","","","","","","","","","","","","","","","","","","","","","","","","","","","","","","","March Speed +5%","March Speed +6.5%"
"Accessory","Lohars Bone Necklace","All / Accessory","","Elite","4,000,000","","","","","","","","","","","","","","","","","","","","","","","","","","","70","https://i.postimg.cc/7Z4C1ZD1/IMG-7437-removebg-preview.png","","","","","","","","","","","","","","","","","","","","","","","","","","","","","","","","","","Commander EXP Gain +10%","Commander EXP Gain +13%"
"Accessory","The Bards Pendant","All / Accessory","","Epic","8,000,000","","","","","","","","","","","","","","","","","","","","","","","","","","","80","https://i.postimg.cc/br2PWk0G/IMG-7434-removebg-preview.png","","","","","","","","","","","","","","","","","","","","","","","","","","","","","","","","","","Get extra resources from gathering +5%","Get extra resources from gathering +6.5%"
"Accessory","Peters Sickle","All / Accessory","","Epic","8,000,000","","","","","","","","","","","","","","","","","","","","","","","","","","","80","https://i.postimg.cc/k4H9TfS3/IMG-7431-removebg-preview.png","","","","","","","","","","","","","","","","","","","","","","","","","","","","","","","","","","Gathering Speed +10%","Gathering Speed +13%"
"Accessory","Wind Scars","All / Accessory","","Epic","8,000,000","","","","","","","","","","","","","","","","","","","","","","","","30","20","20","","https://i.postimg.cc/KYqRy7TQ/IMG-7440-removebg-preview.png","","","","","","","","","","","","","","","","","","","","","","","","","","","","","","","","","","March Speed (Infantry) +8%","March Speed (Infantry) +10.5%"
"Accessory","Ancient Stratagems","All / Accessory","","Epic","8,000,000","","","","","","","","","","","","","","","","","","","","","","","","20","20","30","","https://i.postimg.cc/T3cKtvYz/IMG-7438-removebg-preview.png","","","","","","","","","","","","","","","","","","","","","","","","","","","","","","","","","","Unit Capacity +3%","Unit Capacity +4%"
"Accessory","Silent Trial","All / Accessory","","Epic","8,000,000","","","","","","","","","","","","","","","","","","","","","","","","20","20","30","","https://i.postimg.cc/tR1Vpc26/IMG-7432-removebg-preview.png","","","","","","","","","","","","","","","","","","","","","","","","","","","","","","","","","","Whenever the wearers troop launches any type of basic attack, the target loses 10 Rage.","Whenever the wearers troop launches any type of basic attack, the target loses 13 Rage."
"Accessory","Delanes Amulet","All / Accessory","","Epic","8,000,000","","","","","","","","","","","","","","","","","","","","","","","","30","20","20","","https://i.postimg.cc/XXSWbqxs/IMG-7433-removebg-preview.png","","","","","","","","","","","","","","","","","","","","","","","","","","","","","","","","","","The wearers troops take 5% less counterattack damage of all types.","The wearers troops take 6.5% less counterattack damage of all types."
"Accessory","Crimson Ring","All / Accessory","","Epic","8,000,000","","","","","","","","","","","","","","","","","","","","","","","","","","","80","https://i.postimg.cc/k5XBZY2B/IMG-7439-removebg-preview.png","","","","","","","","","","","","","","","","","","","","","","","","","","","","","","","","","","Commander EXP Gain +15%","Commander EXP Gain +19.5%"
"Accessory","Ring of Doom","All / Accessory","","Legendary","50,000,000","","","","","","","","","","","","","","","","","","","","","","","","40","40","40","","https://i.postimg.cc/k59x5yBm/ringofdoom.png","Troop Base HP +3","Troop HP +1%","Unit Cap +1.5%","Damage to Rallied Armies/Garrisons +1.5%","Divine Might
Whenever the wielder's troop launches a basic attack, it has a 10% chance to gain one of the following effects for 2 seconds. Cooldown: 5 seconds.
1. It deals 5% more normal damage and takes 5% less normal damage.
2. It deals 5% more skill damage and takes 5% less skill damage.
The wielder cannot gain both effects at the same time from a single piece of equipment.","","","","","","","","","","","","","","","","","","","","","","","","Troop Base HP 4","Troop HP 1.5%","Unit Cap 2%","Damage to Rallied Armies/Garrisons 2%","Divine Might
Whenever the wielder's troop launches a basic attack, it has a 10% chance to gain one of the following effects for 2 seconds. Cooldown: 5 seconds.
1.5. It deals 6.5% more normal damage and takes 6.5% less normal damage.
2.5. It deals 6.5% more skill damage and takes 6.5% less skill damage.
The wielder cannot gain both effects at the same time from a single piece of equipment.","Whenever the wearers troop launches any type of basic attack, it has a 10% chance to gain 50% bonus to damage dealt for 2 seconds. Can trigger up to 1 times every 5 seconds.","Whenever the wearers troop launches any type of basic attack, it has a 10% chance to gain 65% bonus to damage dealt for 2 seconds. Can trigger up to 1 times every 5 seconds."
"Accessory","Scolas Lucky Coin","All / Accessory","","Legendary","50,000,000","","","","","","","","","","","","","","","","","","","","","","","","40","40","40","","https://i.postimg.cc/Mp17xLZ5/scholascoin.png","Troop Base HP +3","Troop HP +1%","Unit Cap +1.5%","Damage to Rallied Armies/Garrisons +1.5%","Divine Might
Whenever the wielder's troop launches a basic attack, it has a 10% chance to gain one of the following effects for 2 seconds. Cooldown: 5 seconds.
1. It deals 5% more normal damage and takes 5% less normal damage.
2. It deals 5% more skill damage and takes 5% less skill damage.
The wielder cannot gain both effects at the same time from a single piece of equipment.","","","","","","","","","","","","","","","","","","","","","","","","Troop Base HP 4","Troop HP 1.5%","Unit Cap 2%","Damage to Rallied Armies/Garrisons 2%","Divine Might
Whenever the wielder's troop launches a basic attack, it has a 10% chance to gain one of the following effects for 2 seconds. Cooldown: 5 seconds.
1.5. It deals 6.5% more normal damage and takes 6.5% less normal damage.
2.5. It deals 6.5% more skill damage and takes 6.5% less skill damage.
The wielder cannot gain both effects at the same time from a single piece of equipment.","Whenever the wearers troop is hit with any type of basic attack, it has a 10% chance to gain a damage-absorbing shield for 2 seconds (Damage Factor 500). Cooldown: 5 seconds.","Whenever the wearers troop is hit with any type of basic attack, it has a 10% chance to gain a damage-absorbing shield for 2 seconds (Damage Factor 650). Cooldown: 5 seconds."
"Accessory","Concealed Dagger","All / Accessory","","Legendary","50,000,000","","","","","","","","","","","","","","","","","","","","","","","","40","40","40","","https://i.postimg.cc/zvMCXZRt/concealeddagger.png","Troop Base HP +3","Troop HP +1%","Unit Cap +1.5%","Damage to Rallied Armies/Garrisons +1.5%","Divine Might
Whenever the wielder's troop launches a basic attack, it has a 10% chance to gain one of the following effects for 2 seconds. Cooldown: 5 seconds.
1. It deals 5% more normal damage and takes 5% less normal damage.
2. It deals 5% more skill damage and takes 5% less skill damage.
The wielder cannot gain both effects at the same time from a single piece of equipment.","","","","","","","","","","","","","","","","","","","","","","","","Troop Base HP 4","Troop HP 1.5%","Unit Cap 2%","Damage to Rallied Armies/Garrisons 2%","Divine Might
Whenever the wielder's troop launches a basic attack, it has a 10% chance to gain one of the following effects for 2 seconds. Cooldown: 5 seconds.
1.5. It deals 6.5% more normal damage and takes 6.5% less normal damage.
2.5. It deals 6.5% more skill damage and takes 6.5% less skill damage.
The wielder cannot gain both effects at the same time from a single piece of equipment.","Whenever the wearers troop launches any type of basic attack, it has a 30% chance to reduce the targets Health by 5%. Stacks up to 3 times. Each stack lasts for 3 seconds.","Whenever the wearers troop launches any type of basic attack, it has a 30% chance to reduce the targets Health by 6.5%. Stacks up to 3 times. Each stack lasts for 3 seconds."
"Accessory","Karuaks War Drums","All / Accessory","","Legendary","50,000,000","","","","","","","","","","","","","","","","","","","","","","","","30","40","30","","https://i.postimg.cc/fyk7NTkS/wardrums.png","Troop Base HP +3","Troop HP +1%","Unit Cap +1.5%","Damage to Rallied Armies/Garrisons +1.5%","Divine Might
Whenever the wielder's troop launches a basic attack, it has a 10% chance to gain one of the following effects for 2 seconds. Cooldown: 5 seconds.
1. It deals 5% more normal damage and takes 5% less normal damage.
2. It deals 5% more skill damage and takes 5% less skill damage.
The wielder cannot gain both effects at the same time from a single piece of equipment.","","","","","","","","","","","","","","","","","","","","","","","","Troop Base HP 4","Troop HP 1.5%","Unit Cap 2%","Damage to Rallied Armies/Garrisons 2%","Divine Might
Whenever the wielder's troop launches a basic attack, it has a 10% chance to gain one of the following effects for 2 seconds. Cooldown: 5 seconds.
1.5. It deals 6.5% more normal damage and takes 6.5% less normal damage.
2.5. It deals 6.5% more skill damage and takes 6.5% less skill damage.
The wielder cannot gain both effects at the same time from a single piece of equipment.","Whenever the wearers troop launches any type of basic attack, it has a 10% chance to grant 50 extra Rage to the wearers troop and up to 2 nearby allied troops. Cooldown: 3 seconds.","Whenever the wearers troop launches any type of basic attack, it has a 10% chance to grant 65 extra Rage to the wearers troop and up to 2 nearby allied troops. Cooldown: 3 seconds."
"Accessory","Greatest Glory","All / Accessory","","Legendary","50,000,000","","","","","","","","","","","","","","","","","","","","","","","","40","40","40","","https://i.postimg.cc/tRmtzPm3/greatestglory.png","Troop Base HP +3","Troop HP +1%","Unit Cap +1.5%","Damage to Rallied Armies/Garrisons +1.5%","Divine Might
Whenever the wielder's troop launches a basic attack, it has a 10% chance to gain one of the following effects for 2 seconds. Cooldown: 5 seconds.
1. It deals 5% more normal damage and takes 5% less normal damage.
2. It deals 5% more skill damage and takes 5% less skill damage.
The wielder cannot gain both effects at the same time from a single piece of equipment.","","","","","","","","","","","","","","","","","","","","","","","","Troop Base HP 4","Troop HP 1.5%","Unit Cap 2%","Damage to Rallied Armies/Garrisons 2%","Divine Might
Whenever the wielder's troop launches a basic attack, it has a 10% chance to gain one of the following effects for 2 seconds. Cooldown: 5 seconds.
1.5. It deals 6.5% more normal damage and takes 6.5% less normal damage.
2.5. It deals 6.5% more skill damage and takes 6.5% less skill damage.
The wielder cannot gain both effects at the same time from a single piece of equipment.","The wearers troop deals 5% more normal damage of all types.","The wearers troop deals 6.5% more normal damage of all types."
"Accessory","Horn of Fury","All / Accessory","","Legendary","50,000,000","","","","","","","","","","","","","","","","","","","","","","","","40","40","40","","https://i.postimg.cc/zXbw2B99/hornoffury.png","Troop Base HP +3","Troop HP +1%","Unit Cap +1.5%","Damage to Rallied Armies/Garrisons +1.5%","Divine Might
Whenever the wielder's troop launches a basic attack, it has a 10% chance to gain one of the following effects for 2 seconds. Cooldown: 5 seconds.
1. It deals 5% more normal damage and takes 5% less normal damage.
2. It deals 5% more skill damage and takes 5% less skill damage.
The wielder cannot gain both effects at the same time from a single piece of equipment.","","","","","","","","","","","","","","","","","","","","","","","","Troop Base HP 4","Troop HP 1.5%","Unit Cap 2%","Damage to Rallied Armies/Garrisons 2%","Divine Might
Whenever the wielder's troop launches a basic attack, it has a 10% chance to gain one of the following effects for 2 seconds. Cooldown: 5 seconds.
1.5. It deals 6.5% more normal damage and takes 6.5% less normal damage.
2.5. It deals 6.5% more skill damage and takes 6.5% less skill damage.
The wielder cannot gain both effects at the same time from a single piece of equipment.","Whenever the wearers troop launches any type of basic attack, it has a 30% chance to gain 50 extra Rage.","Whenever the wearers troop launches any type of basic attack, it has a 30% chance to gain 65 extra Rage."
"Accessory","Moras Web","All / Accessory","","Legendary","50,000,000","","","","","","","","","","","","","","","","","","","","","","","","40","40","40","","https://i.postimg.cc/3R8CtZTB/morasweb.png","Troop Base HP +3","Troop HP +1%","Unit Cap +1.5%","Damage to Rallied Armies/Garrisons +1.5%","Divine Might
Whenever the wielder's troop launches a basic attack, it has a 10% chance to gain one of the following effects for 2 seconds. Cooldown: 5 seconds.
1. It deals 5% more normal damage and takes 5% less normal damage.
2. It deals 5% more skill damage and takes 5% less skill damage.
The wielder cannot gain both effects at the same time from a single piece of equipment.","","","","","","","","","","","","","","","","","","","","","","","","Troop Base HP 4","Troop HP 1.5%","Unit Cap 2%","Damage to Rallied Armies/Garrisons 2%","Divine Might
Whenever the wielder's troop launches a basic attack, it has a 10% chance to gain one of the following effects for 2 seconds. Cooldown: 5 seconds.
1.5. It deals 6.5% more normal damage and takes 6.5% less normal damage.
2.5. It deals 6.5% more skill damage and takes 6.5% less skill damage.
The wielder cannot gain both effects at the same time from a single piece of equipment.","Whenever the wearers troop launches any type of basic attack, it has a 30% chance to reduce the targets Defense by 4% and the March Speed of the targets cavalry units by 8%. Stacks up to 3 times. Each stack lasts 3 seconds.","Whenever the wearers troop launches any type of basic attack, it has a 30% chance to reduce the targets Defense by 5% and the March Speed of the targets cavalry units by 10.5%. Stacks up to 3 times. Each stack lasts 3 seconds."
"Accessory","Seths Call","All / Accessory","","Legendary","50,000,000","","","","","","","","","","","","","","","","","","","","","","","","30","30","40","","https://i.postimg.cc/fL87p0Wh/sethscall.png","Troop Base HP +3","Troop HP +1%","Unit Cap +1.5%","Damage to Rallied Armies/Garrisons +1.5%","Divine Might
Whenever the wielder's troop launches a basic attack, it has a 10% chance to gain one of the following effects for 2 seconds. Cooldown: 5 seconds.
1. It deals 5% more normal damage and takes 5% less normal damage.
2. It deals 5% more skill damage and takes 5% less skill damage.
The wielder cannot gain both effects at the same time from a single piece of equipment.","","","","","","","","","","","","","","","","","","","","","","","","Troop Base HP 4","Troop HP 1.5%","Unit Cap 2%","Damage to Rallied Armies/Garrisons 2%","Divine Might
Whenever the wielder's troop launches a basic attack, it has a 10% chance to gain one of the following effects for 2 seconds. Cooldown: 5 seconds.
1.5. It deals 6.5% more normal damage and takes 6.5% less normal damage.
2.5. It deals 6.5% more skill damage and takes 6.5% less skill damage.
The wielder cannot gain both effects at the same time from a single piece of equipment.","Whenever the wearers troop launches any type of basic attack, it has a 10% chance to grant a 10% Attack bonus to the wearers troop and up to 2 nearby allied troops for 3 seconds. Cooldown: 3 seconds.","Whenever the wearers troop launches any type of basic attack, it has a 10% chance to grant a 13% Attack bonus to the wearers troop and up to 2 nearby allied troops for 3 seconds. Cooldown: 3 seconds."
"Accessory","Pendant of Eternal Night","All / Accessory","","Legendary","50,000,000","","","","","","","","","","","","","","","","","","","","","","","","40","40","40","","https://i.postimg.cc/pXwfwvvy/pendantofeternalnight.png","Troop Base HP +3","Troop HP +1%","Unit Cap +1.5%","Damage to Rallied Armies/Garrisons +1.5%","Divine Might
Whenever the wielder's troop launches a basic attack, it has a 10% chance to gain one of the following effects for 2 seconds. Cooldown: 5 seconds.
1. It deals 5% more normal damage and takes 5% less normal damage.
2. It deals 5% more skill damage and takes 5% less skill damage.
The wielder cannot gain both effects at the same time from a single piece of equipment.","","","","","","","","","","","","","","","","","","","","","","","","Troop Base HP 4","Troop HP 1.5%","Unit Cap 2%","Damage to Rallied Armies/Garrisons 2%","Divine Might
Whenever the wielder's troop launches a basic attack, it has a 10% chance to gain one of the following effects for 2 seconds. Cooldown: 5 seconds.
1.5. It deals 6.5% more normal damage and takes 6.5% less normal damage.
2.5. It deals 6.5% more skill damage and takes 6.5% less skill damage.
The wielder cannot gain both effects at the same time from a single piece of equipment.","The wearers troop deals 5% more skill damage of all types.","The wearers troop deals 6.5% more skill damage of all types."
"Accessory","Vengeance","All / Accessory","","Legendary","50,000,000","","","","","","","","","","","","","","","","","","","","","","","","40","40","40","","https://i.postimg.cc/MGD1fjQj/vengeance.png","Troop Base HP +3","Troop HP +1%","Unit Cap +1.5%","Damage to Rallied Armies/Garrisons +1.5%","Divine Might
Whenever the wielder's troop launches a basic attack, it has a 10% chance to gain one of the following effects for 2 seconds. Cooldown: 5 seconds.
1. It deals 5% more normal damage and takes 5% less normal damage.
2. It deals 5% more skill damage and takes 5% less skill damage.
The wielder cannot gain both effects at the same time from a single piece of equipment.","","","","","","","","","","","","","","","","","","","","","","","","Troop Base HP 4","Troop HP 1.5%","Unit Cap 2%","Damage to Rallied Armies/Garrisons 2%","Divine Might
Whenever the wielder's troop launches a basic attack, it has a 10% chance to gain one of the following effects for 2 seconds. Cooldown: 5 seconds.
1.5. It deals 6.5% more normal damage and takes 6.5% less normal damage.
2.5. It deals 6.5% more skill damage and takes 6.5% less skill damage.
The wielder cannot gain both effects at the same time from a single piece of equipment.","The wearers troop deals 8% more counterattack damage of all types.","The wearers troop deals 10.5% more counterattack damage of all types."
"Accessory","Immolating Plume","All / Accessory","","Legendary","50,000,000","","","","","","","","","","","","","","","","","","","","","","","","40","40","40","","https://i.postimg.cc/3wCFjcPN/immolatingplume.png","Troop Base HP +3","Troop HP +1%","Unit Cap +1.5%","Damage to Rallied Armies/Garrisons +1.5%","Divine Might
Whenever the wielder's troop launches a basic attack, it has a 10% chance to gain one of the following effects for 2 seconds. Cooldown: 5 seconds.
1. It deals 10% more ranged normal damage.
2. It deals 10% more ranged skill damage..
The wielder cannot gain both effects at the same time from a single piece of equipment.","","","","","","","","","","","","","","","","","","","","","","","","Troop Base HP 4","Troop HP 1.5%","Unit Cap 2%","Damage to Rallied Armies/Garrisons 2%","Divine Might
Whenever the wielder's troop launches a basic attack, it has a 10% chance to gain one of the following effects for 2 seconds. Cooldown: 5 seconds.
1.5. It deals 13% more ranged normal damage.
2.5. It deals 13% more ranged skill damage..
The wielder cannot gain both effects at the same time from a single piece of equipment.","Whenever the wearers troop deals ranged direct damage or ranged smite damage, it has a 50% chance to increase the damage by 30%. Cooldown: 5 seconds.","Whenever the wearers troop deals ranged direct damage or ranged smite damage, it has a 50% chance to increase the damage by 40%. Cooldown: 5 seconds."
